month,product,revenue_usd
2025-01,Alpha,12122
2025-01,Bravo,15392
2025-01,Charlie,15971
2025-01,Delta,18836
2025-01,Echo,9583
2025-02,Alpha,11939
2025-02,Bravo,13745
2025-02,Charlie,15085
2025-02,Delta,17581
2025-02,Echo,10165
2025-03,Alpha,12805
2025-03,Bravo,12297
2025-03,Charlie,15868
2025-03,Delta,16967
2025-03,Echo,10704
2025-04,Alpha,11202
2025-04,Bravo,12273
2025-04,Charlie,16637
2025-04,Delta,16883
2025-04,Echo,11520
2025-05,Alpha,9698
2025-05,Bravo,12185
2025-05,Charlie,17224
2025-05,Delta,15673
2025-05,Echo,10489
2025-06,Alpha,11261
2025-06,Bravo,10671
2025-06,Charlie,15677
2025-06,Delta,16087
2025-06,Echo,10214
2025-07,Alpha,11655
2025-07,Bravo,9856
2025-07,Charlie,16240
2025-07,Delta,14769
2025-07,Echo,8813
2025-08,Alpha,10240
2025-08,Bravo,8427
2025-08,Charlie,16838
2025-08,Delta,9619
2025-08,Echo,9256
2025-09,Alpha,9937
2025-09,Bravo,8884
2025-09,Charlie,16662
2025-09,Delta,14770
2025-09,Echo,10372
2025-10,Alpha,10524
2025-10,Bravo,8822
2025-10,Charlie,15065
2025-10,Delta,15264
2025-10,Echo,8829
2025-11,Alpha,8961
2025-11,Bravo,7264
2025-11,Charlie,14170
2025-11,Delta,16806
2025-11,Echo,9340
2025-12,Alpha,10887
2025-12,Bravo,8850
2025-12,Charlie,12560
2025-12,Delta,17799
2025-12,Echo,7784
